{
  "timestamp": "2025-10-04T21:43:53.690323",
  "new_records": 0,
  "regions_processed": [
    "East US",
    "North Europe",
    "Southeast Asia",
    "West US"
  ],
  "cpu_results": {
    "East US": {
      "model_type": "ARIMA",
      "rmse": 9.147515139817777,
      "mae": 7.462363245640712,
      "mape": 10.506464639858075,
      "deployed": true,
      "alternatives": {
        "XGBoost": {
          "rmse": 9.797423615695406,
          "mae": 8.141082015692021,
          "mape": 11.663603565373096
        },
        "LSTM": {
          "rmse": 9.997364573638528,
          "mae": 8.081095536549888,
          "mape": 11.197521610017123
        }
      }
    },
    "North Europe": {
      "model_type": "ARIMA",
      "rmse": 8.022448544529402,
      "mae": 6.041903240855732,
      "mape": 8.344581283523302,
      "deployed": true,
      "alternatives": {
        "XGBoost": {
          "rmse": 9.103356820292564,
          "mae": 6.980885973163681,
          "mape": 9.511047538731052
        },
        "LSTM": {
          "rmse": 8.762602025344716,
          "mae": 6.520781834920248,
          "mape": 9.013223542307824
        }
      }
    },
    "Southeast Asia": {
      "model_type": "LSTM",
      "rmse": 6.911157038176429,
      "mae": 5.6641914517271745,
      "mape": 7.954150927271536,
      "deployed": true,
      "alternatives": {
        "ARIMA": {
          "rmse": 7.0895471892829285,
          "mae": 5.680813753238136,
          "mape": 8.177019625670107
        },
        "XGBoost": {
          "rmse": 7.143171211024243,
          "mae": 5.9858827777937345,
          "mape": 8.554800863411234
        }
      }
    },
    "West US": {
      "model_type": "XGBoost",
      "rmse": 7.8995834479751705,
      "mae": 5.941235411400889,
      "mape": 7.986868381598415,
      "deployed": true,
      "alternatives": {
        "ARIMA": {
          "rmse": 8.369403292891665,
          "mae": 5.6961857372334315,
          "mape": 7.46138248802712
        },
        "LSTM": {
          "rmse": 8.451908241913983,
          "mae": 7.216929117838539,
          "mape": 9.964578574639253
        }
      }
    }
  },
  "users_results": {
    "East US": {
      "model_type": "XGBoost",
      "rmse": 163.0199194596323,
      "mae": 125.9314956665039,
      "mape": 11.745125435738695,
      "deployed": true,
      "alternatives": {
        "ARIMA": {
          "rmse": 164.14725673270505,
          "mae": 133.04459484477545,
          "mape": 12.656436304719302
        },
        "LSTM": {
          "rmse": 163.71143925443923,
          "mae": 129.79071044921872,
          "mape": 11.993398886846443
        }
      }
    },
    "North Europe": {
      "model_type": "XGBoost",
      "rmse": 192.84347401130793,
      "mae": 158.80712890625,
      "mape": 16.00129780789365,
      "deployed": true,
      "alternatives": {
        "ARIMA": {
          "rmse": 209.33251340945796,
          "mae": 175.00914228198144,
          "mape": 18.668541377400338
        },
        "LSTM": {
          "rmse": 206.59585789761735,
          "mae": 165.15054859834558,
          "mape": 15.836989501258515
        }
      }
    },
    "Southeast Asia": {
      "model_type": "ARIMA",
      "rmse": 108.65374704505633,
      "mae": 85.84438748451788,
      "mape": 8.706778098989822,
      "deployed": true,
      "alternatives": {
        "XGBoost": {
          "rmse": 113.0172872907614,
          "mae": 92.84893798828125,
          "mape": 9.307063460994538
        },
        "LSTM": {
          "rmse": 126.43145665044928,
          "mae": 96.76394217354911,
          "mape": 9.981195668174902
        }
      }
    },
    "West US": {
      "model_type": "XGBoost",
      "rmse": 176.07789691284367,
      "mae": 141.7716064453125,
      "mape": 13.146798771380691,
      "deployed": true,
      "alternatives": {
        "ARIMA": {
          "rmse": 204.2575240968695,
          "mae": 165.30386541977384,
          "mape": 17.38823846433444
        },
        "LSTM": {
          "rmse": 201.19781542718164,
          "mae": 167.7186279296875,
          "mape": 16.57731206565663
        }
      }
    }
  },
  "summary": {
    "cpu_models_updated": 4,
    "users_models_updated": 4,
    "total_models_trained": 8,
    "total_regions": 4
  },
  "model_distribution": {
    "cpu": {
      "ARIMA": 2,
      "LSTM": 1,
      "XGBoost": 1
    },
    "users": {
      "XGBoost": 3,
      "ARIMA": 1
    }
  }
}